SET SQL_MODE = "NO_AUTO_VALUE_ON_ZERO";
START TRANSACTION;
SET time_zone = "+00:00";

/*!40101 SET @OLD_CHARACTER_SET_CLIENT=@@CHARACTER_SET_CLIENT */;
/*!40101 SET @OLD_CHARACTER_SET_RESULTS=@@CHARACTER_SET_RESULTS */;
/*!40101 SET @OLD_COLLATION_CONNECTION=@@COLLATION_CONNECTION */;
/*!40101 SET NAMES utf8mb4 */;


CREATE TABLE `Departures` (
  `ID` int(11) NOT NULL,
  `LineID` int(11) NOT NULL,
  `Time` time NOT NULL,
  `WeekDay` int(11) NOT NULL DEFAULT 0
) ENGINE=InnoDB DEFAULT CHARSET=utf8mb4 COLLATE=utf8mb4_general_ci;

INSERT INTO `Departures` (`ID`, `LineID`, `Time`, `WeekDay`) VALUES
(1, 1, '04:50:00', 0),
(2, 1, '05:00:00', 0),
(3, 1, '05:10:00', 0),
(4, 1, '05:20:00', 0),
(5, 1, '05:28:00', 0),
(6, 1, '05:34:00', 0),
(7, 1, '05:39:00', 0),
(8, 1, '05:44:00', 0),
(9, 1, '05:52:00', 0),
(10, 1, '05:57:00', 0),
(11, 1, '06:01:00', 0),
(12, 1, '06:05:00', 0),
(13, 1, '06:09:00', 0),
(14, 1, '06:13:00', 0),
(15, 1, '06:16:00', 0),
(16, 1, '06:20:00', 0),
(17, 1, '06:23:00', 0),
(18, 1, '06:26:00', 0),
(19, 1, '06:30:00', 0),
(20, 1, '06:32:00', 0),
(21, 1, '06:35:00', 0),
(22, 1, '06:37:00', 0),
(23, 1, '06:40:00', 0),
(24, 1, '06:42:00', 0),
(25, 1, '06:44:00', 0),
(26, 1, '06:47:00', 0),
(27, 1, '06:49:00', 0),
(28, 1, '06:51:00', 0),
(29, 1, '06:54:00', 0),
(30, 1, '06:56:00', 0),
(31, 1, '06:58:00', 0),
(32, 1, '07:01:00', 0),
(33, 1, '07:03:00', 0),
(34, 1, '07:05:00', 0),
(35, 1, '07:08:00', 0),
(36, 1, '07:10:00', 0),
(37, 1, '07:12:00', 0),
(38, 1, '07:15:00', 0),
(39, 1, '07:17:00', 0),
(40, 1, '07:19:00', 0),
(41, 1, '07:22:00', 0),
(42, 1, '07:24:00', 0),
(43, 1, '07:26:00', 0),
(44, 1, '07:29:00', 0),
(45, 1, '07:31:00', 0),
(46, 1, '07:33:00', 0),
(47, 1, '07:36:00', 0),
(48, 1, '07:38:00', 0),
(49, 1, '07:40:00', 0),
(50, 1, '07:43:00', 0),
(51, 1, '07:45:00', 0),
(52, 1, '07:47:00', 0),
(53, 1, '07:50:00', 0),
(54, 1, '07:52:00', 0),
(55, 1, '07:54:00', 0),
(56, 1, '07:57:00', 0),
(57, 1, '07:59:00', 0),
(58, 1, '08:01:00', 0),
(59, 1, '08:04:00', 0),
(60, 1, '08:06:00', 0),
(61, 1, '08:08:00', 0),
(62, 1, '08:11:00', 0),
(63, 1, '08:13:00', 0),
(64, 1, '08:15:00', 0),
(65, 1, '08:18:00', 0),
(66, 1, '08:20:00', 0),
(67, 1, '08:22:00', 0),
(68, 1, '08:25:00', 0),
(69, 1, '08:27:00', 0),
(70, 1, '08:29:00', 0),
(71, 1, '08:32:00', 0),
(72, 1, '08:34:00', 0),
(73, 1, '08:37:00', 0),
(74, 1, '08:39:00', 0),
(75, 1, '08:42:00', 0),
(76, 1, '08:45:00', 0),
(77, 1, '08:48:00', 0),
(78, 1, '08:51:00', 0),
(79, 1, '08:54:00', 0),
(80, 1, '08:57:00', 0),
(81, 1, '09:00:00', 0),
(82, 1, '09:03:00', 0),
(83, 1, '09:07:00', 0),
(84, 1, '09:10:00', 0),
(85, 1, '09:14:00', 0),
(86, 1, '09:18:00', 0),
(87, 1, '09:22:00', 0),
(88, 1, '09:26:00', 0),
(89, 1, '09:30:00', 0),
(90, 1, '09:34:00', 0),
(91, 1, '09:39:00', 0),
(92, 1, '09:43:00', 0),
(93, 1, '09:48:00', 0),
(94, 1, '09:53:00', 0),
(95, 1, '09:58:00', 0),
(96, 1, '10:03:00', 0),
(97, 1, '10:08:00', 0),
(98, 1, '10:13:00', 0),
(99, 1, '10:18:00', 0),
(100, 1, '10:23:00', 0),
(101, 1, '10:28:00', 0),
(102, 1, '10:33:00', 0),
(103, 1, '10:38:00', 0),
(104, 1, '10:43:00', 0),
(105, 1, '10:48:00', 0),
(106, 1, '10:53:00', 0),
(107, 1, '10:58:00', 0),
(108, 1, '11:03:00', 0),
(109, 1, '11:08:00', 0),
(110, 1, '11:13:00', 0),
(111, 1, '11:18:00', 0),
(112, 1, '11:23:00', 0),
(113, 1, '11:28:00', 0),
(114, 1, '11:33:00', 0),
(115, 1, '11:38:00', 0),
(116, 1, '11:43:00', 0),
(117, 1, '11:48:00', 0),
(118, 1, '11:53:00', 0),
(119, 1, '11:58:00', 0),
(120, 1, '12:03:00', 0),
(121, 1, '12:08:00', 0),
(122, 1, '12:13:00', 0),
(123, 1, '12:18:00', 0),
(124, 1, '12:23:00', 0),
(125, 1, '12:28:00', 0),
(126, 1, '12:33:00', 0),
(127, 1, '12:38:00', 0),
(128, 1, '12:43:00', 0),
(129, 1, '12:48:00', 0),
(130, 1, '12:53:00', 0),
(131, 1, '12:58:00', 0),
(132, 1, '13:01:00', 0),
(133, 1, '13:05:00', 0),
(134, 1, '13:10:00', 0),
(135, 1, '13:14:00', 0),
(136, 1, '13:19:00', 0),
(137, 1, '13:23:00', 0),
(138, 1, '13:28:00', 0),
(139, 1, '13:32:00', 0),
(140, 1, '13:37:00', 0),
(141, 1, '13:41:00', 0),
(142, 1, '13:48:00', 0),
(143, 1, '13:52:00', 0),
(144, 1, '13:59:00', 0),
(145, 1, '14:02:00', 0),
(146, 1, '14:06:00', 0),
(147, 1, '14:09:00', 0),
(148, 1, '14:13:00', 0),
(149, 1, '14:16:00', 0),
(150, 1, '14:19:00', 0),
(151, 1, '14:22:00', 0),
(152, 1, '14:25:00', 0),
(153, 1, '14:28:00', 0),
(154, 1, '14:31:00', 0),
(155, 1, '14:34:00', 0),
(156, 1, '14:37:00', 0),
(157, 1, '14:40:00', 0),
(158, 1, '14:43:00', 0),
(159, 1, '14:46:00', 0),
(160, 1, '14:49:00', 0),
(161, 1, '14:52:00', 0),
(162, 1, '14:55:00', 0),
(163, 1, '14:58:00', 0),
(164, 1, '15:01:00', 0),
(165, 1, '15:04:00', 0),
(166, 1, '15:07:00', 0),
(167, 1, '15:10:00', 0),
(168, 1, '15:13:00', 0),
(169, 1, '15:16:00', 0),
(170, 1, '15:19:00', 0),
(171, 1, '15:22:00', 0),
(172, 1, '15:24:00', 0),
(173, 1, '15:27:00', 0),
(174, 1, '15:29:00', 0),
(175, 1, '15:32:00', 0),
(176, 1, '15:34:00', 0),
(177, 1, '15:37:00', 0),
(178, 1, '15:39:00', 0),
(179, 1, '15:42:00', 0),
(180, 1, '15:44:00', 0),
(181, 1, '15:47:00', 0),
(182, 1, '15:49:00', 0),
(183, 1, '15:52:00', 0),
(184, 1, '15:54:00', 0),
(185, 1, '15:57:00', 0),
(186, 1, '15:59:00', 0),
(187, 1, '16:02:00', 0),
(188, 1, '16:04:00', 0),
(189, 1, '16:07:00', 0),
(190, 1, '16:09:00', 0),
(191, 1, '16:12:00', 0),
(192, 1, '16:14:00', 0),
(193, 1, '16:17:00', 0),
(194, 1, '16:19:00', 0),
(195, 1, '16:22:00', 0),
(196, 1, '16:24:00', 0),
(197, 1, '16:27:00', 0),
(198, 1, '16:29:00', 0),
(199, 1, '16:32:00', 0),
(200, 1, '16:34:00', 0),
(201, 1, '16:37:00', 0),
(202, 1, '16:39:00', 0),
(203, 1, '16:42:00', 0),
(204, 1, '16:44:00', 0),
(205, 1, '16:47:00', 0),
(206, 1, '16:49:00', 0),
(207, 1, '16:52:00', 0),
(208, 1, '16:54:00', 0),
(209, 1, '16:57:00', 0),
(210, 1, '16:59:00', 0),
(211, 1, '17:02:00', 0),
(212, 1, '17:04:00', 0),
(213, 1, '17:07:00', 0),
(214, 1, '17:10:00', 0),
(215, 1, '17:12:00', 0),
(216, 1, '17:15:00', 0),
(217, 1, '17:18:00', 0),
(218, 1, '17:21:00', 0),
(219, 1, '17:24:00', 0),
(220, 1, '17:27:00', 0),
(221, 1, '17:30:00', 0),
(222, 1, '17:33:00', 0),
(223, 1, '17:36:00', 0),
(224, 1, '17:40:00', 0),
(225, 1, '17:43:00', 0),
(226, 1, '17:47:00', 0),
(227, 1, '17:50:00', 0),
(228, 1, '17:54:00', 0),
(229, 1, '17:57:00', 0),
(230, 1, '18:01:00', 0),
(231, 1, '18:04:00', 0),
(232, 1, '18:08:00', 0),
(233, 1, '18:11:00', 0),
(234, 1, '18:15:00', 0),
(235, 1, '18:18:00', 0),
(236, 1, '18:22:00', 0),
(237, 1, '18:26:00', 0),
(238, 1, '18:30:00', 0),
(239, 1, '18:34:00', 0),
(240, 1, '18:38:00', 0),
(241, 1, '18:43:00', 0),
(242, 1, '18:48:00', 0),
(243, 1, '18:53:00', 0),
(244, 1, '18:59:00', 0),
(245, 1, '19:04:00', 0),
(246, 1, '19:10:00', 0),
(247, 1, '19:15:00', 0),
(248, 1, '19:21:00', 0),
(249, 1, '19:26:00', 0),
(250, 1, '19:32:00', 0),
(251, 1, '19:37:00', 0),
(252, 1, '19:43:00', 0),
(253, 1, '19:48:00', 0),
(254, 1, '19:54:00', 0),
(255, 1, '20:00:00', 0),
(256, 1, '20:06:00', 0),
(257, 1, '20:12:00', 0),
(258, 1, '20:18:00', 0),
(259, 1, '20:25:00', 0),
(260, 1, '20:33:00', 0),
(261, 1, '20:40:00', 0),
(262, 1, '20:50:00', 0),
(263, 1, '21:00:00', 0),
(264, 1, '21:10:00', 0),
(265, 1, '21:20:00', 0),
(266, 1, '21:30:00', 0),
(267, 1, '21:40:00', 0),
(268, 1, '21:50:00', 0),
(269, 1, '22:00:00', 0),
(270, 1, '22:10:00', 0),
(271, 1, '22:20:00', 0),
(272, 1, '22:30:00', 0),
(273, 1, '22:40:00', 0),
(274, 1, '22:50:00', 0),
(275, 1, '23:00:00', 0),
(276, 1, '22:10:00', 0),
(277, 1, '22:20:00', 0),
(278, 1, '22:30:00', 0),
(279, 1, '22:40:00', 0),
(280, 1, '04:50:00', 1),
(281, 1, '05:00:00', 1),
(282, 1, '05:10:00', 1),
(283, 1, '05:20:00', 1),
(284, 1, '05:30:00', 1),
(285, 1, '05:40:00', 1),
(286, 1, '05:50:00', 1),
(287, 1, '06:00:00', 1),
(288, 1, '06:10:00', 1),
(289, 1, '06:20:00', 1),
(290, 1, '06:30:00', 1),
(291, 1, '06:40:00', 1),
(292, 1, '06:48:00', 1),
(293, 1, '06:55:00', 1),
(294, 1, '07:03:00', 1),
(295, 1, '07:10:00', 1),
(296, 1, '07:18:00', 1),
(297, 1, '07:25:00', 1),
(298, 1, '07:33:00', 1),
(299, 1, '07:40:00', 1),
(300, 1, '07:48:00', 1),
(301, 1, '07:55:00', 1),
(302, 1, '08:03:00', 1),
(303, 1, '08:10:00', 1),
(304, 1, '08:18:00', 1),
(305, 1, '08:25:00', 1),
(306, 1, '08:33:00', 1),
(307, 1, '08:40:00', 1),
(308, 1, '08:48:00', 1),
(309, 1, '08:55:00', 1),
(310, 1, '09:01:00', 1),
(311, 1, '09:07:00', 1),
(312, 1, '09:13:00', 1),
(313, 1, '09:19:00', 1),
(314, 1, '09:25:00', 1),
(315, 1, '09:31:00', 1),
(316, 1, '09:37:00', 1),
(317, 1, '09:43:00', 1),
(318, 1, '09:49:00', 1),
(319, 1, '09:55:00', 1),
(320, 1, '10:01:00', 1),
(321, 1, '10:07:00', 1),
(322, 1, '10:13:00', 1),
(323, 1, '10:19:00', 1),
(324, 1, '10:25:00', 1),
(325, 1, '10:31:00', 1),
(326, 1, '10:37:00', 1),
(327, 1, '10:43:00', 1),
(328, 1, '10:49:00', 1),
(329, 1, '10:55:00', 1),
(330, 1, '11:01:00', 1),
(331, 1, '11:07:00', 1),
(332, 1, '11:13:00', 1),
(333, 1, '11:19:00', 1),
(334, 1, '11:25:00', 1),
(335, 1, '11:31:00', 1),
(336, 1, '11:37:00', 1),
(337, 1, '11:43:00', 1),
(338, 1, '11:49:00', 1),
(339, 1, '11:55:00', 1),
(340, 1, '12:01:00', 1),
(341, 1, '12:07:00', 1),
(342, 1, '12:13:00', 1),
(343, 1, '12:19:00', 1),
(344, 1, '12:25:00', 1),
(345, 1, '12:31:00', 1),
(346, 1, '12:37:00', 1),
(347, 1, '12:43:00', 1),
(348, 1, '12:49:00', 1),
(349, 1, '12:55:00', 1),
(350, 1, '13:01:00', 1),
(351, 1, '13:07:00', 1),
(352, 1, '13:13:00', 1),
(353, 1, '13:19:00', 1),
(354, 1, '13:25:00', 1),
(355, 1, '13:31:00', 1),
(356, 1, '13:37:00', 1),
(357, 1, '13:43:00', 1),
(358, 1, '13:49:00', 1),
(359, 1, '13:55:00', 1),
(360, 1, '14:01:00', 1),
(361, 1, '14:07:00', 1),
(362, 1, '14:13:00', 1),
(363, 1, '14:19:00', 1),
(364, 1, '14:25:00', 1),
(365, 1, '14:31:00', 1),
(366, 1, '14:37:00', 1),
(367, 1, '14:43:00', 1),
(368, 1, '14:49:00', 1),
(369, 1, '14:55:00', 1),
(370, 1, '15:01:00', 1),
(371, 1, '15:07:00', 1),
(372, 1, '15:13:00', 1),
(373, 1, '15:19:00', 1),
(374, 1, '15:25:00', 1),
(375, 1, '15:31:00', 1),
(376, 1, '15:37:00', 1),
(377, 1, '15:43:00', 1),
(378, 1, '15:49:00', 1),
(379, 1, '15:55:00', 1),
(380, 1, '16:01:00', 1),
(381, 1, '16:07:00', 1),
(382, 1, '16:13:00', 1),
(383, 1, '16:19:00', 1),
(384, 1, '16:25:00', 1),
(385, 1, '16:31:00', 1),
(386, 1, '16:37:00', 1),
(387, 1, '16:43:00', 1),
(388, 1, '16:49:00', 1),
(389, 1, '16:55:00', 1),
(390, 1, '17:01:00', 1),
(391, 1, '17:07:00', 1),
(392, 1, '17:13:00', 1),
(393, 1, '17:19:00', 1),
(394, 1, '17:25:00', 1),
(395, 1, '17:31:00', 1),
(396, 1, '17:37:00', 1),
(397, 1, '17:43:00', 1),
(398, 1, '17:49:00', 1),
(399, 1, '17:55:00', 1),
(400, 1, '18:01:00', 1),
(401, 1, '18:07:00', 1),
(402, 1, '18:13:00', 1),
(403, 1, '18:19:00', 1),
(404, 1, '18:25:00', 1),
(405, 1, '18:31:00', 1),
(406, 1, '18:37:00', 1),
(407, 1, '18:43:00', 1),
(408, 1, '18:49:00', 1),
(409, 1, '18:55:00', 1),
(410, 1, '19:01:00', 1),
(411, 1, '19:07:00', 1),
(412, 1, '19:13:00', 1),
(413, 1, '19:19:00', 1),
(414, 1, '19:25:00', 1),
(415, 1, '19:31:00', 1),
(416, 1, '19:37:00', 1),
(417, 1, '19:43:00', 1),
(418, 1, '19:49:00', 1),
(419, 1, '19:55:00', 1),
(420, 1, '20:03:00', 1),
(421, 1, '20:10:00', 1),
(422, 1, '20:18:00', 1),
(423, 1, '20:25:00', 1),
(424, 1, '20:33:00', 1),
(425, 1, '20:40:00', 1),
(426, 1, '20:50:00', 1),
(427, 1, '21:00:00', 1),
(428, 1, '21:10:00', 1),
(429, 1, '21:20:00', 1),
(430, 1, '21:30:00', 1),
(431, 1, '21:40:00', 1),
(432, 1, '21:50:00', 1),
(433, 1, '22:00:00', 1),
(434, 1, '22:10:00', 1),
(435, 1, '22:20:00', 1),
(436, 1, '22:30:00', 1),
(437, 1, '22:40:00', 1),
(438, 1, '22:50:00', 1),
(439, 1, '23:00:00', 1),
(440, 1, '23:10:00', 1),
(441, 1, '23:20:00', 1),
(442, 1, '23:30:00', 1),
(443, 1, '23:40:00', 1),
(444, 1, '04:50:00', 2),
(445, 1, '05:00:00', 2),
(446, 1, '05:10:00', 2),
(447, 1, '05:20:00', 2),
(448, 1, '05:30:00', 2),
(449, 1, '05:40:00', 2),
(450, 1, '05:50:00', 2),
(451, 1, '06:00:00', 2),
(452, 1, '06:10:00', 2),
(453, 1, '06:20:00', 2),
(454, 1, '06:30:00', 2),
(455, 1, '06:40:00', 2),
(456, 1, '06:50:00', 2),
(457, 1, '07:00:00', 2),
(458, 1, '07:10:00', 2),
(459, 1, '07:20:00', 2),
(460, 1, '07:30:00', 2),
(461, 1, '07:40:00', 2),
(462, 1, '07:50:00', 2),
(463, 1, '08:00:00', 2),
(464, 1, '08:10:00', 2),
(465, 1, '08:20:00', 2),
(466, 1, '08:30:00', 2),
(467, 1, '08:40:00', 2),
(468, 1, '08:50:00', 2),
(469, 1, '09:00:00', 2),
(470, 1, '09:10:00', 2),
(471, 1, '09:20:00', 2),
(472, 1, '09:30:00', 2),
(473, 1, '09:39:00', 2),
(474, 1, '09:48:00', 2),
(475, 1, '09:55:00', 2),
(476, 1, '10:03:00', 2),
(477, 1, '10:10:00', 2),
(478, 1, '10:18:00', 2),
(479, 1, '10:25:00', 2),
(480, 1, '10:33:00', 2),
(481, 1, '10:40:00', 2),
(482, 1, '10:48:00', 2),
(483, 1, '10:55:00', 2),
(484, 1, '11:03:00', 2),
(485, 1, '11:10:00', 2),
(486, 1, '11:18:00', 2),
(487, 1, '11:25:00', 2),
(488, 1, '11:33:00', 2),
(489, 1, '11:40:00', 2),
(490, 1, '11:48:00', 2),
(491, 1, '11:55:00', 2),
(492, 1, '12:03:00', 2),
(493, 1, '12:10:00', 2),
(494, 1, '12:18:00', 2),
(495, 1, '12:25:00', 2),
(496, 1, '12:33:00', 2),
(497, 1, '12:40:00', 2),
(498, 1, '12:48:00', 2),
(499, 1, '12:55:00', 2),
(500, 1, '13:03:00', 2),
(501, 1, '13:10:00', 2),
(502, 1, '13:18:00', 2),
(503, 1, '13:25:00', 2),
(504, 1, '13:33:00', 2),
(505, 1, '13:40:00', 2),
(506, 1, '13:48:00', 2),
(507, 1, '13:55:00', 2),
(508, 1, '14:01:00', 2),
(509, 1, '14:07:00', 2),
(510, 1, '14:13:00', 2),
(511, 1, '14:19:00', 2),
(512, 1, '14:25:00', 2),
(513, 1, '14:31:00', 2),
(514, 1, '14:37:00', 2),
(515, 1, '14:43:00', 2),
(516, 1, '14:49:00', 2),
(517, 1, '14:55:00', 2),
(518, 1, '15:01:00', 2),
(519, 1, '15:07:00', 2),
(520, 1, '15:13:00', 2),
(521, 1, '15:19:00', 2),
(522, 1, '15:25:00', 2),
(523, 1, '15:31:00', 2),
(524, 1, '15:37:00', 2),
(525, 1, '15:43:00', 2),
(526, 1, '15:49:00', 2),
(527, 1, '15:55:00', 2),
(528, 1, '16:01:00', 2),
(529, 1, '16:07:00', 2),
(530, 1, '16:13:00', 2),
(531, 1, '16:19:00', 2),
(532, 1, '16:25:00', 2),
(533, 1, '16:31:00', 2),
(534, 1, '16:37:00', 2),
(535, 1, '16:43:00', 2),
(536, 1, '16:49:00', 2),
(537, 1, '16:55:00', 2),
(538, 1, '17:01:00', 2),
(539, 1, '17:07:00', 2),
(540, 1, '17:13:00', 2),
(541, 1, '17:19:00', 2),
(542, 1, '17:25:00', 2),
(543, 1, '17:31:00', 2),
(544, 1, '17:37:00', 2),
(545, 1, '17:43:00', 2),
(546, 1, '17:49:00', 2),
(547, 1, '17:55:00', 2),
(548, 1, '18:01:00', 2),
(549, 1, '18:07:00', 2),
(550, 1, '18:13:00', 2),
(551, 1, '18:19:00', 2),
(552, 1, '18:25:00', 2),
(553, 1, '18:31:00', 2),
(554, 1, '18:37:00', 2),
(555, 1, '18:43:00', 2),
(556, 1, '18:49:00', 2),
(557, 1, '18:55:00', 2),
(558, 1, '19:01:00', 2),
(559, 1, '19:07:00', 2),
(560, 1, '19:13:00', 2),
(561, 1, '19:19:00', 2),
(562, 1, '19:25:00', 2),
(563, 1, '19:31:00', 2),
(564, 1, '19:37:00', 2),
(565, 1, '19:43:00', 2),
(566, 1, '19:49:00', 2),
(567, 1, '19:55:00', 2),
(568, 1, '20:03:00', 2),
(569, 1, '20:10:00', 2),
(570, 1, '20:18:00', 2),
(571, 1, '20:25:00', 2),
(572, 1, '20:33:00', 2),
(573, 1, '20:40:00', 2),
(574, 1, '20:50:00', 2),
(575, 1, '21:00:00', 2),
(576, 1, '21:10:00', 2),
(577, 1, '21:20:00', 2),
(578, 1, '21:30:00', 2),
(579, 1, '21:40:00', 2),
(580, 1, '21:50:00', 2),
(581, 1, '22:00:00', 2),
(582, 1, '22:10:00', 2),
(583, 1, '22:20:00', 2),
(584, 1, '22:30:00', 2),
(585, 1, '22:40:00', 2),
(586, 1, '22:50:00', 2),
(587, 1, '23:00:00', 2),
(588, 1, '23:10:00', 2),
(589, 1, '23:20:00', 2),
(590, 1, '23:30:00', 2),
(591, 1, '23:40:00', 2),
(1192, 2, '04:45:00', 0),
(1193, 2, '04:55:00', 0),
(1194, 2, '05:05:00', 0),
(1195, 2, '05:15:00', 0),
(1196, 2, '05:25:00', 0),
(1197, 2, '05:32:00', 0),
(1198, 2, '05:40:00', 0),
(1199, 2, '05:47:00', 0),
(1200, 2, '05:53:00', 0),
(1201, 2, '05:58:00', 0),
(1202, 2, '06:03:00', 0),
(1203, 2, '06:08:00', 0),
(1204, 2, '06:13:00', 0),
(1205, 2, '06:17:00', 0),
(1206, 2, '06:21:00', 0),
(1207, 2, '06:25:00', 0),
(1208, 2, '06:29:00', 0),
(1209, 2, '06:33:00', 0),
(1210, 2, '06:37:00', 0),
(1211, 2, '06:41:00', 0),
(1212, 2, '06:45:00', 0),
(1213, 2, '06:49:00', 0),
(1214, 2, '06:52:00', 0),
(1215, 2, '06:56:00', 0),
(1216, 2, '06:59:00', 0),
(1217, 2, '07:02:00', 0),
(1218, 2, '07:05:00', 0),
(1219, 2, '07:08:00', 0),
(1220, 2, '07:11:00', 0),
(1221, 2, '07:14:00', 0),
(1222, 2, '07:16:00', 0),
(1223, 2, '07:19:00', 0),
(1224, 2, '07:21:00', 0),
(1225, 2, '07:24:00', 0),
(1226, 2, '07:26:00', 0),
(1227, 2, '07:29:00', 0),
(1228, 2, '07:31:00', 0),
(1229, 2, '07:34:00', 0),
(1230, 2, '07:36:00', 0),
(1231, 2, '07:38:00', 0),
(1232, 2, '07:41:00', 0),
(1233, 2, '07:43:00', 0),
(1234, 2, '07:45:00', 0),
(1235, 2, '07:48:00', 0),
(1236, 2, '07:50:00', 0),
(1237, 2, '07:52:00', 0),
(1238, 2, '07:55:00', 0),
(1239, 2, '07:57:00', 0),
(1240, 2, '07:59:00', 0),
(1241, 2, '08:02:00', 0),
(1242, 2, '08:04:00', 0),
(1243, 2, '08:06:00', 0),
(1244, 2, '08:09:00', 0),
(1245, 2, '08:11:00', 0),
(1246, 2, '08:13:00', 0),
(1247, 2, '08:16:00', 0),
(1248, 2, '08:18:00', 0),
(1249, 2, '08:20:00', 0),
(1250, 2, '08:23:00', 0),
(1251, 2, '08:25:00', 0),
(1252, 2, '08:27:00', 0),
(1253, 2, '08:30:00', 0),
(1254, 2, '08:32:00', 0),
(1255, 2, '08:34:00', 0),
(1256, 2, '08:37:00', 0),
(1257, 2, '08:39:00', 0),
(1258, 2, '08:41:00', 0),
(1259, 2, '08:44:00', 0),
(1260, 2, '08:46:00', 0),
(1261, 2, '08:48:00', 0),
(1262, 2, '08:51:00', 0),
(1263, 2, '08:53:00', 0),
(1264, 2, '08:55:00', 0),
(1265, 2, '08:58:00', 0),
(1266, 2, '09:00:00', 0),
(1267, 2, '09:02:00', 0),
(1268, 2, '09:05:00', 0),
(1269, 2, '09:07:00', 0),
(1270, 2, '09:09:00', 0),
(1271, 2, '09:12:00', 0),
(1272, 2, '09:14:00', 0),
(1273, 2, '09:16:00', 0),
(1274, 2, '09:19:00', 0),
(1275, 2, '09:21:00', 0),
(1276, 2, '09:24:00', 0),
(1277, 2, '09:27:00', 0),
(1278, 2, '09:30:00', 0),
(1279, 2, '09:33:00', 0),
(1280, 2, '09:37:00', 0),
(1281, 2, '09:41:00', 0),
(1282, 2, '09:45:00', 0),
(1283, 2, '09:49:00', 0),
(1284, 2, '09:54:00', 0),
(1285, 2, '09:59:00', 0),
(1286, 2, '10:04:00', 0),
(1287, 2, '10:09:00', 0),
(1288, 2, '10:14:00', 0),
(1289, 2, '10:19:00', 0),
(1290, 2, '10:24:00', 0),
(1291, 2, '10:29:00', 0),
(1292, 2, '10:34:00', 0),
(1293, 2, '10:39:00', 0),
(1294, 2, '10:44:00', 0),
(1295, 2, '10:49:00', 0),
(1296, 2, '10:54:00', 0),
(1297, 2, '10:59:00', 0),
(1298, 2, '11:04:00', 0),
(1299, 2, '11:09:00', 0),
(1300, 2, '11:14:00', 0),
(1301, 2, '11:19:00', 0),
(1302, 2, '11:24:00', 0),
(1303, 2, '11:29:00', 0),
(1304, 2, '11:34:00', 0),
(1305, 2, '11:39:00', 0),
(1306, 2, '11:44:00', 0),
(1307, 2, '11:49:00', 0),
(1308, 2, '11:54:00', 0),
(1309, 2, '11:59:00', 0),
(1310, 2, '12:04:00', 0),
(1311, 2, '12:09:00', 0),
(1312, 2, '12:14:00', 0),
(1313, 2, '12:19:00', 0),
(1314, 2, '12:24:00', 0),
(1315, 2, '12:29:00', 0),
(1316, 2, '12:34:00', 0),
(1317, 2, '12:39:00', 0),
(1318, 2, '12:44:00', 0),
(1319, 2, '12:49:00', 0),
(1320, 2, '12:54:00', 0),
(1321, 2, '12:59:00', 0),
(1322, 2, '13:04:00', 0),
(1323, 2, '13:09:00', 0),
(1324, 2, '13:14:00', 0),
(1325, 2, '13:19:00', 0),
(1326, 2, '13:24:00', 0),
(1327, 2, '13:29:00', 0),
(1328, 2, '13:34:00', 0),
(1329, 2, '13:33:00', 0),
(1330, 2, '13:38:00', 0),
(1331, 2, '13:42:00', 0),
(1332, 2, '13:46:00', 0),
(1333, 2, '13:49:00', 0),
(1334, 2, '13:53:00', 0),
(1335, 2, '13:57:00', 0),
(1336, 2, '14:00:00', 0),
(1337, 2, '14:04:00', 0),
(1338, 2, '14:07:00', 0),
(1339, 2, '14:11:00', 0),
(1340, 2, '14:14:00', 0),
(1341, 2, '14:18:00', 0),
(1342, 2, '14:21:00', 0),
(1343, 2, '14:25:00', 0),
(1344, 2, '14:28:00', 0),
(1345, 2, '14:32:00', 0),
(1346, 2, '14:35:00', 0),
(1347, 2, '14:39:00', 0),
(1348, 2, '14:42:00', 0),
(1349, 2, '14:46:00', 0),
(1350, 2, '14:49:00', 0),
(1351, 2, '14:52:00', 0),
(1352, 2, '14:55:00', 0),
(1353, 2, '14:58:00', 0),
(1354, 2, '15:01:00', 0),
(1355, 2, '15:04:00', 0),
(1356, 2, '15:07:00', 0),
(1357, 2, '15:10:00', 0),
(1358, 2, '15:13:00', 0),
(1359, 2, '15:16:00', 0),
(1360, 2, '15:19:00', 0),
(1361, 2, '15:22:00', 0),
(1362, 2, '15:25:00', 0),
(1363, 2, '15:28:00', 0),
(1364, 2, '15:31:00', 0),
(1365, 2, '15:34:00', 0),
(1366, 2, '15:37:00', 0),
(1367, 2, '15:40:00', 0),
(1368, 2, '15:43:00', 0),
(1369, 2, '15:46:00', 0),
(1370, 2, '15:49:00', 0),
(1371, 2, '15:52:00', 0),
(1372, 2, '15:55:00', 0),
(1373, 2, '15:58:00', 0),
(1374, 2, '16:00:00', 0),
(1375, 2, '16:03:00', 0),
(1376, 2, '16:06:00', 0),
(1377, 2, '16:08:00', 0),
(1378, 2, '16:11:00', 0),
(1379, 2, '16:13:00', 0),
(1380, 2, '16:16:00', 0),
(1381, 2, '16:18:00', 0),
(1382, 2, '16:21:00', 0),
(1383, 2, '16:23:00', 0),
(1384, 2, '16:26:00', 0),
(1385, 2, '16:28:00', 0),
(1386, 2, '16:31:00', 0),
(1387, 2, '16:33:00', 0),
(1388, 2, '16:36:00', 0),
(1389, 2, '16:38:00', 0),
(1390, 2, '16:41:00', 0),
(1391, 2, '16:43:00', 0),
(1392, 2, '16:46:00', 0),
(1393, 2, '16:48:00', 0),
(1394, 2, '16:51:00', 0),
(1395, 2, '16:53:00', 0),
(1396, 2, '16:56:00', 0),
(1397, 2, '16:58:00', 0),
(1398, 2, '17:01:00', 0),
(1399, 2, '17:03:00', 0),
(1400, 2, '17:06:00', 0),
(1401, 2, '17:08:00', 0),
(1402, 2, '17:11:00', 0),
(1403, 2, '17:13:00', 0),
(1404, 2, '17:16:00', 0),
(1405, 2, '17:18:00', 0),
(1406, 2, '17:21:00', 0),
(1407, 2, '17:23:00', 0),
(1408, 2, '17:26:00', 0),
(1409, 2, '17:28:00', 0),
(1410, 2, '17:31:00', 0),
(1411, 2, '17:36:00', 0),
(1412, 2, '17:38:00', 0),
(1413, 2, '17:41:00', 0),
(1414, 2, '17:44:00', 0),
(1415, 2, '17:47:00', 0),
(1416, 2, '17:49:00', 0),
(1417, 2, '17:52:00', 0),
(1418, 2, '17:55:00', 0),
(1419, 2, '17:58:00', 0),
(1420, 2, '18:00:00', 0),
(1421, 2, '18:03:00', 0),
(1422, 2, '18:06:00', 0),
(1423, 2, '18:09:00', 0),
(1424, 2, '18:12:00', 0),
(1425, 2, '18:15:00', 0),
(1426, 2, '18:18:00', 0),
(1427, 2, '18:21:00', 0),
(1428, 2, '18:24:00', 0),
(1429, 2, '18:27:00', 0),
(1430, 2, '18:31:00', 0),
(1431, 2, '18:34:00', 0),
(1432, 2, '18:38:00', 0),
(1433, 2, '18:42:00', 0),
(1434, 2, '18:46:00', 0),
(1435, 2, '18:50:00', 0),
(1436, 2, '18:54:00', 0),
(1437, 2, '18:58:00', 0),
(1438, 2, '19:03:00', 0),
(1439, 2, '19:07:00', 0),
(1440, 2, '19:12:00', 0),
(1441, 2, '19:16:00', 0),
(1442, 2, '19:21:00', 0),
(1443, 2, '19:25:00', 0),
(1444, 2, '19:31:00', 0),
(1445, 2, '19:36:00', 0),
(1446, 2, '19:42:00', 0),
(1447, 2, '19:47:00', 0),
(1448, 2, '19:53:00', 0),
(1449, 2, '19:59:00', 0),
(1450, 2, '20:05:00', 0),
(1451, 2, '20:11:00', 0),
(1452, 2, '20:17:00', 0),
(1453, 2, '20:23:00', 0),
(1454, 2, '20:29:00', 0),
(1455, 2, '20:35:00', 0),
(1456, 2, '20:41:00', 0),
(1457, 2, '20:47:00', 0),
(1458, 2, '20:55:00', 0),
(1459, 2, '21:05:00', 0),
(1460, 2, '21:15:00', 0),
(1461, 2, '21:25:00', 0),
(1462, 2, '21:35:00', 0),
(1463, 2, '21:45:00', 0),
(1464, 2, '21:55:00', 0),
(1465, 2, '22:05:00', 0),
(1466, 2, '22:15:00', 0),
(1467, 2, '22:25:00', 0),
(1468, 2, '22:35:00', 0),
(1469, 2, '22:45:00', 0),
(1470, 2, '22:55:00', 0),
(1471, 2, '23:05:00', 0),
(1472, 2, '23:15:00', 0),
(1473, 2, '23:25:00', 0),
(1474, 2, '23:35:00', 0),
(1475, 2, '23:45:00', 0),
(1476, 2, '04:45:00', 1),
(1477, 2, '04:55:00', 1),
(1478, 2, '05:05:00', 1),
(1479, 2, '05:15:00', 1),
(1480, 2, '05:25:00', 1),
(1481, 2, '05:35:00', 1),
(1482, 2, '05:45:00', 1),
(1483, 2, '05:55:00', 1),
(1484, 2, '06:02:00', 1),
(1485, 2, '06:10:00', 1),
(1486, 2, '06:17:00', 1),
(1487, 2, '06:25:00', 1),
(1488, 2, '06:32:00', 1),
(1489, 2, '06:40:00', 1),
(1490, 2, '06:47:00', 1),
(1491, 2, '06:55:00', 1),
(1492, 2, '07:02:00', 1),
(1493, 2, '07:10:00', 1),
(1494, 2, '07:17:00', 1),
(1495, 2, '07:25:00', 1),
(1496, 2, '07:32:00', 1),
(1497, 2, '07:40:00', 1),
(1498, 2, '07:47:00', 1),
(1499, 2, '07:55:00', 1),
(1500, 2, '08:02:00', 1),
(1501, 2, '08:10:00', 1),
(1502, 2, '08:17:00', 1),
(1503, 2, '08:25:00', 1),
(1504, 2, '08:32:00', 1),
(1505, 2, '08:40:00', 1),
(1506, 2, '08:47:00', 1),
(1507, 2, '08:55:00', 1),
(1508, 2, '09:02:00', 1),
(1509, 2, '09:10:00', 1),
(1510, 2, '09:16:00', 1),
(1511, 2, '09:22:00', 1),
(1512, 2, '09:28:00', 1),
(1513, 2, '09:34:00', 1),
(1514, 2, '09:40:00', 1),
(1515, 2, '09:46:00', 1),
(1516, 2, '09:52:00', 1),
(1517, 2, '09:58:00', 1),
(1518, 2, '10:02:00', 1),
(1519, 2, '10:10:00', 1),
(1520, 2, '10:16:00', 1),
(1521, 2, '10:22:00', 1),
(1522, 2, '10:28:00', 1),
(1523, 2, '10:34:00', 1),
(1524, 2, '10:40:00', 1),
(1525, 2, '10:46:00', 1),
(1526, 2, '10:52:00', 1),
(1527, 2, '10:58:00', 1),
(1528, 2, '11:02:00', 1),
(1529, 2, '11:10:00', 1),
(1530, 2, '11:16:00', 1),
(1531, 2, '11:22:00', 1),
(1532, 2, '11:28:00', 1),
(1533, 2, '11:34:00', 1),
(1534, 2, '11:40:00', 1),
(1535, 2, '11:46:00', 1),
(1536, 2, '11:52:00', 1),
(1537, 2, '11:58:00', 1),
(1538, 2, '12:02:00', 1),
(1539, 2, '12:10:00', 1),
(1540, 2, '12:16:00', 1),
(1541, 2, '12:22:00', 1),
(1542, 2, '12:28:00', 1),
(1543, 2, '12:34:00', 1),
(1544, 2, '12:40:00', 1),
(1545, 2, '12:46:00', 1),
(1546, 2, '12:52:00', 1),
(1547, 2, '12:58:00', 1),
(1548, 2, '13:02:00', 1),
(1549, 2, '13:10:00', 1),
(1550, 2, '13:16:00', 1),
(1551, 2, '13:22:00', 1),
(1552, 2, '13:28:00', 1),
(1553, 2, '13:34:00', 1),
(1554, 2, '13:40:00', 1),
(1555, 2, '13:46:00', 1),
(1556, 2, '13:52:00', 1),
(1557, 2, '13:58:00', 1),
(1558, 2, '14:02:00', 1),
(1559, 2, '14:10:00', 1),
(1560, 2, '14:16:00', 1),
(1561, 2, '14:22:00', 1),
(1562, 2, '14:28:00', 1),
(1563, 2, '14:34:00', 1),
(1564, 2, '14:40:00', 1),
(1565, 2, '14:46:00', 1),
(1566, 2, '14:52:00', 1),
(1567, 2, '14:58:00', 1),
(1568, 2, '15:02:00', 1),
(1569, 2, '15:10:00', 1),
(1570, 2, '15:16:00', 1),
(1571, 2, '15:22:00', 1),
(1572, 2, '15:28:00', 1),
(1573, 2, '15:34:00', 1),
(1574, 2, '15:40:00', 1),
(1575, 2, '15:46:00', 1),
(1576, 2, '15:52:00', 1),
(1577, 2, '15:58:00', 1),
(1578, 2, '16:02:00', 1),
(1579, 2, '16:10:00', 1),
(1580, 2, '16:16:00', 1),
(1581, 2, '16:22:00', 1),
(1582, 2, '16:28:00', 1),
(1583, 2, '16:34:00', 1),
(1584, 2, '16:40:00', 1),
(1585, 2, '16:46:00', 1),
(1586, 2, '16:52:00', 1),
(1587, 2, '16:58:00', 1),
(1588, 2, '17:02:00', 1),
(1589, 2, '17:10:00', 1),
(1590, 2, '17:16:00', 1),
(1591, 2, '17:22:00', 1),
(1592, 2, '17:28:00', 1),
(1593, 2, '17:34:00', 1),
(1594, 2, '17:40:00', 1),
(1595, 2, '17:46:00', 1),
(1596, 2, '17:52:00', 1),
(1597, 2, '17:58:00', 1),
(1598, 2, '18:02:00', 1),
(1599, 2, '18:10:00', 1),
(1600, 2, '18:16:00', 1),
(1601, 2, '18:22:00', 1),
(1602, 2, '18:28:00', 1),
(1603, 2, '18:34:00', 1),
(1604, 2, '18:40:00', 1),
(1605, 2, '18:46:00', 1),
(1606, 2, '18:52:00', 1),
(1607, 2, '18:58:00', 1),
(1608, 2, '19:02:00', 1),
(1609, 2, '19:10:00', 1),
(1610, 2, '19:16:00', 1),
(1611, 2, '19:22:00', 1),
(1612, 2, '19:28:00', 1),
(1613, 2, '19:34:00', 1),
(1614, 2, '19:40:00', 1),
(1615, 2, '19:46:00', 1),
(1616, 2, '19:52:00', 1),
(1617, 2, '19:58:00', 1),
(1618, 2, '20:04:00', 1),
(1619, 2, '20:10:00', 1),
(1620, 2, '20:17:00', 1),
(1621, 2, '20:25:00', 1),
(1622, 2, '20:32:00', 1),
(1623, 2, '20:40:00', 1),
(1624, 2, '20:47:00', 1),
(1625, 2, '20:55:00', 1),
(1626, 2, '21:05:00', 1),
(1627, 2, '21:15:00', 1),
(1628, 2, '21:25:00', 1),
(1629, 2, '21:35:00', 1),
(1630, 2, '21:45:00', 1),
(1631, 2, '21:55:00', 1),
(1632, 2, '22:05:00', 1),
(1633, 2, '22:15:00', 1),
(1634, 2, '22:25:00', 1),
(1635, 2, '22:35:00', 1),
(1636, 2, '22:45:00', 1),
(1637, 2, '22:55:00', 1),
(1638, 2, '23:05:00', 1),
(1639, 2, '23:15:00', 1),
(1640, 2, '23:25:00', 1),
(1641, 2, '23:35:00', 1),
(1642, 2, '23:45:00', 1),
(1643, 2, '04:45:00', 2),
(1644, 2, '04:55:00', 2),
(1645, 2, '05:05:00', 2),
(1646, 2, '05:15:00', 2),
(1647, 2, '05:25:00', 2),
(1648, 2, '05:35:00', 2),
(1649, 2, '05:45:00', 2),
(1650, 2, '05:55:00', 2),
(1651, 2, '06:05:00', 2),
(1652, 2, '06:15:00', 2),
(1653, 2, '06:25:00', 2),
(1654, 2, '06:35:00', 2),
(1655, 2, '06:45:00', 2),
(1656, 2, '06:55:00', 2),
(1657, 2, '07:05:00', 2),
(1658, 2, '07:15:00', 2),
(1659, 2, '07:25:00', 2),
(1660, 2, '07:35:00', 2),
(1661, 2, '07:45:00', 2),
(1662, 2, '07:55:00', 2),
(1663, 2, '08:05:00', 2),
(1664, 2, '08:15:00', 2),
(1665, 2, '08:25:00', 2),
(1666, 2, '08:35:00', 2),
(1667, 2, '08:45:00', 2),
(1668, 2, '08:55:00', 2),
(1669, 2, '09:05:00', 2),
(1670, 2, '09:15:00', 2),
(1671, 2, '09:25:00', 2),
(1672, 2, '09:35:00', 2),
(1673, 2, '09:45:00', 2),
(1674, 2, '09:55:00', 2),
(1675, 2, '10:02:00', 2),
(1676, 2, '10:10:00', 2),
(1677, 2, '10:17:00', 2),
(1678, 2, '10:25:00', 2),
(1679, 2, '10:32:00', 2),
(1680, 2, '10:40:00', 2),
(1681, 2, '10:47:00', 2),
(1682, 2, '10:55:00', 2),
(1683, 2, '11:02:00', 2),
(1684, 2, '11:10:00', 2),
(1685, 2, '11:17:00', 2),
(1686, 2, '11:25:00', 2),
(1687, 2, '11:32:00', 2),
(1688, 2, '11:40:00', 2),
(1689, 2, '11:47:00', 2),
(1690, 2, '11:55:00', 2),
(1691, 2, '12:02:00', 2),
(1692, 2, '12:10:00', 2),
(1693, 2, '12:17:00', 2),
(1694, 2, '12:25:00', 2),
(1695, 2, '12:32:00', 2),
(1696, 2, '12:40:00', 2),
(1697, 2, '12:47:00', 2),
(1698, 2, '12:55:00', 2),
(1699, 2, '13:02:00', 2),
(1700, 2, '13:10:00', 2),
(1701, 2, '13:17:00', 2),
(1702, 2, '13:25:00', 2),
(1703, 2, '13:32:00', 2),
(1704, 2, '13:40:00', 2),
(1705, 2, '13:47:00', 2),
(1706, 2, '13:55:00', 2),
(1707, 2, '14:02:00', 2),
(1708, 2, '14:10:00', 2),
(1709, 2, '14:16:00', 2),
(1710, 2, '14:22:00', 2),
(1711, 2, '14:28:00', 2),
(1712, 2, '14:34:00', 2),
(1713, 2, '14:40:00', 2),
(1714, 2, '14:46:00', 2),
(1715, 2, '14:52:00', 2),
(1716, 2, '14:58:00', 2),
(1717, 2, '15:02:00', 2),
(1718, 2, '15:10:00', 2),
(1719, 2, '15:16:00', 2),
(1720, 2, '15:22:00', 2),
(1721, 2, '15:28:00', 2),
(1722, 2, '15:34:00', 2),
(1723, 2, '15:40:00', 2),
(1724, 2, '15:46:00', 2),
(1725, 2, '15:52:00', 2),
(1726, 2, '15:58:00', 2),
(1727, 2, '16:02:00', 2),
(1728, 2, '16:10:00', 2),
(1729, 2, '16:16:00', 2),
(1730, 2, '16:22:00', 2),
(1731, 2, '16:28:00', 2),
(1732, 2, '16:34:00', 2),
(1733, 2, '16:40:00', 2),
(1734, 2, '16:46:00', 2),
(1735, 2, '16:52:00', 2),
(1736, 2, '16:58:00', 2),
(1737, 2, '17:02:00', 2),
(1738, 2, '17:10:00', 2),
(1739, 2, '17:16:00', 2),
(1740, 2, '17:22:00', 2),
(1741, 2, '17:28:00', 2),
(1742, 2, '17:34:00', 2),
(1743, 2, '17:40:00', 2),
(1744, 2, '17:46:00', 2),
(1745, 2, '17:52:00', 2),
(1746, 2, '17:58:00', 2),
(1747, 2, '18:02:00', 2),
(1748, 2, '18:10:00', 2),
(1749, 2, '18:16:00', 2),
(1750, 2, '18:22:00', 2),
(1751, 2, '18:28:00', 2),
(1752, 2, '18:34:00', 2),
(1753, 2, '18:40:00', 2),
(1754, 2, '18:46:00', 2),
(1755, 2, '18:52:00', 2),
(1756, 2, '18:58:00', 2),
(1757, 2, '19:02:00', 2),
(1758, 2, '19:10:00', 2),
(1759, 2, '19:16:00', 2),
(1760, 2, '19:22:00', 2),
(1761, 2, '19:28:00', 2),
(1762, 2, '19:34:00', 2),
(1763, 2, '19:40:00', 2),
(1764, 2, '19:46:00', 2),
(1765, 2, '19:52:00', 2),
(1766, 2, '19:58:00', 2),
(1767, 2, '20:04:00', 2),
(1768, 2, '20:10:00', 2),
(1769, 2, '20:17:00', 2),
(1770, 2, '20:25:00', 2),
(1771, 2, '20:32:00', 2),
(1772, 2, '20:40:00', 2),
(1773, 2, '20:47:00', 2),
(1774, 2, '20:55:00', 2),
(1775, 2, '21:05:00', 2),
(1776, 2, '21:15:00', 2),
(1777, 2, '21:25:00', 2),
(1778, 2, '21:35:00', 2),
(1779, 2, '21:45:00', 2),
(1780, 2, '21:55:00', 2),
(1781, 2, '22:05:00', 2),
(1782, 2, '22:15:00', 2),
(1783, 2, '22:25:00', 2),
(1784, 2, '22:35:00', 2),
(1785, 2, '22:45:00', 2),
(1786, 2, '22:55:00', 2),
(1787, 2, '23:05:00', 2),
(1788, 2, '23:15:00', 2),
(1789, 2, '23:25:00', 2),
(1790, 2, '23:35:00', 2),
(1791, 2, '23:45:00', 2);

CREATE TABLE `Line` (
  `ID` int(11) NOT NULL,
  `ValidTo` date NOT NULL,
  `Name` varchar(50) NOT NULL,
  `Zone` varchar(10) NOT NULL,
  `FirstStopID` int(11) DEFAULT NULL
) ENGINE=InnoDB DEFAULT CHARSET=utf8mb4 COLLATE=utf8mb4_general_ci;

INSERT INTO `Line` (`ID`, `ValidTo`, `Name`, `Zone`, `FirstStopID`) VALUES
(1, '2024-02-19', 'B', 'P', 24),
(2, '2024-02-19', 'B', 'P', 48);

CREATE TABLE `LineStop` (
  `ID` int(11) NOT NULL,
  `StopID` int(11) NOT NULL,
  `LineID` int(11) NOT NULL,
  `NextLineStopID` int(11) DEFAULT NULL,
  `TimeToNextStop` int(11) DEFAULT NULL
) ENGINE=InnoDB DEFAULT CHARSET=utf8mb4 COLLATE=utf8mb4_general_ci;

INSERT INTO `LineStop` (`ID`, `StopID`, `LineID`, `NextLineStopID`, `TimeToNextStop`) VALUES
(1, 1, 1, NULL, NULL),
(2, 2, 1, 1, 2),
(3, 3, 1, 2, 2),
(4, 4, 1, 3, 2),
(5, 5, 1, 4, 2),
(6, 6, 1, 5, 2),
(7, 7, 1, 6, 2),
(8, 8, 1, 7, 1),
(9, 9, 1, 8, 2),
(10, 10, 1, 9, 2),
(11, 11, 1, 10, 1),
(12, 12, 1, 11, 2),
(13, 13, 1, 12, 1),
(14, 14, 1, 13, 1),
(15, 15, 1, 14, 2),
(16, 16, 1, 15, 2),
(17, 17, 1, 16, 3),
(18, 18, 1, 17, 2),
(19, 19, 1, 18, 2),
(20, 20, 1, 19, 2),
(21, 21, 1, 20, 2),
(22, 22, 1, 21, 2),
(23, 23, 1, 22, 3),
(24, 24, 1, 23, 2),
(25, 24, 2, NULL, NULL),
(26, 23, 2, 25, 2),
(27, 22, 2, 26, 2),
(28, 21, 2, 27, 1),
(29, 20, 2, 28, 2),
(30, 19, 2, 29, 2),
(31, 18, 2, 30, 2),
(32, 17, 2, 31, 2),
(33, 16, 2, 32, 3),
(34, 15, 2, 33, 2),
(35, 14, 2, 34, 1),
(36, 13, 2, 35, 2),
(37, 12, 2, 36, 1),
(38, 11, 2, 37, 2),
(39, 10, 2, 38, 1),
(40, 9, 2, 39, 2),
(41, 8, 2, 40, 2),
(42, 7, 2, 41, 1),
(43, 6, 2, 42, 2),
(44, 5, 2, 43, 2),
(45, 4, 2, 44, 2),
(46, 3, 2, 45, 2),
(47, 2, 2, 46, 2),
(48, 1, 2, 47, 2);

CREATE TABLE `Stop` (
  `ID` int(11) NOT NULL,
  `Name` varchar(50) NOT NULL
) ENGINE=InnoDB DEFAULT CHARSET=utf8mb4 COLLATE=utf8mb4_general_ci;

INSERT INTO `Stop` (`ID`, `Name`) VALUES
(1, 'Černý most'),
(2, 'Rajská zahrada'),
(3, 'Hloubětín'),
(4, 'Kolbenova'),
(5, 'Vysočanská'),
(6, 'Českomoravská'),
(7, 'Palmovka'),
(8, 'Invalidovna'),
(9, 'Křižíkova'),
(10, 'Florenc'),
(11, 'Náměstí Republiky'),
(12, 'Můstek'),
(13, 'Národní třída'),
(14, 'Karlovo náměstí'),
(15, 'Anděl'),
(16, 'Smíchovské nádraží'),
(17, 'Radlická'),
(18, 'Jinonice'),
(19, 'Nové Butovice'),
(20, 'Hůrka'),
(21, 'Lužiny'),
(22, 'Luka'),
(23, 'Stodůlky'),
(24, 'Zličín');


ALTER TABLE `Departures`
  ADD PRIMARY KEY (`ID`),
  ADD KEY `DeparturesLineID_to_LineID` (`LineID`);

ALTER TABLE `Line`
  ADD PRIMARY KEY (`ID`),
  ADD KEY `LineFirstStopID_to_StopID` (`FirstStopID`);

ALTER TABLE `LineStop`
  ADD PRIMARY KEY (`ID`),
  ADD KEY `LineStopLineID_To_LineID` (`LineID`),
  ADD KEY `LineStopStopID_To_StopID` (`StopID`),
  ADD KEY `LineStopNextStopID_To_LineStopID` (`NextLineStopID`);

ALTER TABLE `Stop`
  ADD PRIMARY KEY (`ID`);


ALTER TABLE `Departures`
  MODIFY `ID` int(11) NOT NULL AUTO_INCREMENT, AUTO_INCREMENT=1792;

ALTER TABLE `Line`
  MODIFY `ID` int(11) NOT NULL AUTO_INCREMENT, AUTO_INCREMENT=5;

ALTER TABLE `LineStop`
  MODIFY `ID` int(11) NOT NULL AUTO_INCREMENT, AUTO_INCREMENT=49;

ALTER TABLE `Stop`
  MODIFY `ID` int(11) NOT NULL AUTO_INCREMENT, AUTO_INCREMENT=27;


ALTER TABLE `Departures`
  ADD CONSTRAINT `DeparturesLineID_to_LineID` FOREIGN KEY (`LineID`) REFERENCES `Line` (`ID`) ON DELETE CASCADE;

ALTER TABLE `Line`
  ADD CONSTRAINT `LineFirstStopID_to_StopID` FOREIGN KEY (`FirstStopID`) REFERENCES `LineStop` (`ID`) ON DELETE CASCADE;

ALTER TABLE `LineStop`
  ADD CONSTRAINT `LineStopLineID_To_LineID` FOREIGN KEY (`LineID`) REFERENCES `Line` (`ID`) ON DELETE CASCADE,
  ADD CONSTRAINT `LineStopNextStopID_To_LineStopID` FOREIGN KEY (`NextLineStopID`) REFERENCES `LineStop` (`ID`),
  ADD CONSTRAINT `LineStopStopID_To_StopID` FOREIGN KEY (`StopID`) REFERENCES `Stop` (`ID`);
COMMIT;

/*!40101 SET CHARACTER_SET_CLIENT=@OLD_CHARACTER_SET_CLIENT */;
/*!40101 SET CHARACTER_SET_RESULTS=@OLD_CHARACTER_SET_RESULTS */;
/*!40101 SET COLLATION_CONNECTION=@OLD_COLLATION_CONNECTION */;
